{
  "ServerTag": [],
  "ServerUntagged": "",
  "ServerVanityURL": "",
  "LiveSupport": "",
  "YetkiliAlimDM": [],
  "OwnerRoles": [],
  "ManagmentRoles": [],
  "StaffManagmentRoles": [],
  "ProblemSolversRoles": [],
  "Authorities": [],
  "StartAuthority": [],
  "BanHammer": [],
  "JailHammer": [],
  "CMuteHammer": [],
  "VMuteHammer": [],
  "WarnHammer": [],
  "GiveawayHammer": [],
  "UnderWorldRoles": [],
  "SuspectedRoles": [],
  "ForbiddenTagRoles": [],
  "JailedRoles": [],
  "MutedRole": [],
  "VMutedRole": [],
  "ManRoles": [],
  "GirlRoles": [],
  "UnRegisteredRoles": [],
  "ConfirmerRoles": [],
  "RolePanelRoles": [],
  "TaggedRole": "",
  "BoosterRole": "",
  "MazeretRole": "",
  "JoinedRole": "",
  "VipRole": "",
  "MusicianRole": "",
  "DesignerRole": "",
  "StreamerRole": "",
  "TherapistRole": "",
  "BasvuruLogChannel": "",
  "IstekOneriSikayetLogChannel": "",
  "WelcomeChannel": "",
  "InviteChannel": "",
  "ChatChannel": "",
  "RulesChannel": "",
  "SleepRoomChannel": [],
  "TroubleshootingCategory": [],
  "RegisterRoomCategory": [],
  "PublicRoomsCategory": [],
  "PrivateRoomsCategory": [],
  "SecretRoomsCategory": [],
  "StreamerCategory": [],
  "ActivityCategorys": []
}